No,프로젝트,D/P&BOM 코드,D/P&BOM 내역,설계기능,도면종류,협력사,직영책임부서,작업 출도계획,작업 출도실적
1,P2,DPBOM000000791,도장,F1,D1,,D1,2014-06-15,2014-04-21
2,P2,DPBOM000000792,도장,F1,D1,,D1,2014-05-28,2014-03-31
3,P2,DPBOM000000003,가공,F2,D2,D6,D3,2014-03-24,2014-03-16
4,P2,DPBOM000000004,족장,F3,D3,,D4,2014-03-19,2014-03-16
5,P2,DPBOM000000793,재마킹,F4,D6,,D3,2014-03-19,2014-03-04
7,P2,DPBOM000000005,공작,F2,D4,D6,D3,2014-03-19,2014-03-11
8,P2,DPBOM000000006,철의장,F2,D5,D6,D3,2014-01-26,2013-12-16
9,P2,DPBOM000000007,가공,F2,D2,D6,D3,2014-02-27,2014-02-18
10,P2,DPBOM000000009,가공,F4,D7,,D3,2014-02-25,2014-02-12
11,P2,DPBOM000000795,도장,F1,D1,,D1,2014-05-13,2014-03-31
12,P2,DPBOM000000796,가공,F2,D2,D6,D3,2014-03-25,2014-03-17
13,P2,DPBOM000000797,재마킹,F4,D6,,D3,2014-03-26,2014-03-10
15,P2,DPBOM000000799,가공,F4,D7,,D3,2014-03-25,2014-03-13
16,P2,DPBOM000000800,의장,F1,D8,,D1,2014-03-20,2014-01-23
17,P2,DPBOM000000801,공작,F2,D4,D6,D3,2014-03-26,2014-03-17
18,P2,DPBOM000000802,철의장,F2,D5,D6,D3,2014-02-10,2013-12-16
19,P2,DPBOM000000803,가공,F2,D2,D6,D3,2014-03-09,2014-03-03
20,P2,DPBOM000000804,가공,F4,D7,,D3,2014-03-09,2014-02-24
21,P2,DPBOM000000805,가공,F4,D7,,D3,2014-03-05,2014-02-24
22,P2,DPBOM000000806,도장,F1,D1,,D1,2014-06-22,2014-03-31
23,P2,DPBOM000000010,가공,F2,D2,D6,D3,2014-04-03,2014-03-27
24,P2,DPBOM000000011,족장,F3,D3,,D4,2014-03-27,2014-03-16
25,P2,DPBOM000000807,재마킹,F4,D6,,D3,2014-03-27,2014-03-16
26,P2,DPBOM000000012,의장,F1,D8,,D1,2014-03-23,2014-01-23
27,P2,DPBOM000000013,공작,F2,D4,D6,D3,2014-03-27,2014-03-17
28,P2,DPBOM000000014,철의장,F2,D5,D6,D3,2014-02-17,2013-12-16
29,P2,DPBOM000000015,가공,F2,D2,D6,D3,2014-03-13,2014-03-06
30,P2,DPBOM000000017,가공,F4,D7,,D3,2014-03-13,2014-03-03
31,P2,DPBOM000000018,가공,F2,D2,D6,D3,2014-03-06,2014-02-24
32,P2,DPBOM000000020,가공,F4,D7,,D3,2014-03-06,2014-02-27
33,P2,DPBOM000000023,가공,F4,D7,,D3,2014-03-16,2014-03-05
34,P2,DPBOM000000808,도장,F1,D1,,D1,2014-06-16,2014-03-31
35,P2,DPBOM000000809,가공,F2,D2,D6,D3,2014-04-23,2014-04-13
36,P2,DPBOM000000810,족장,F3,D3,,D4,2014-05-06,2014-03-16
37,P2,DPBOM000000811,재마킹,F4,D6,,D3,2014-05-06,2014-04-16
39,P2,DPBOM000000813,의장,F1,D8,,D1,2014-04-15,2014-01-23
40,P2,DPBOM000000814,공작,F2,D4,D6,D3,2014-05-06,2014-04-24
41,P2,DPBOM000000815,철의장,F2,D5,D6,D3,2014-03-11,2013-12-16
42,P2,DPBOM000000816,가공,F2,D2,D6,D3,2014-04-08,2014-03-30
43,P2,DPBOM000000817,가공,F4,D7,,D3,2014-04-08,2014-03-27
44,P2,DPBOM000000818,가공,F2,D2,D6,D3,2014-06-16,2014-06-02
45,P2,DPBOM000000819,공작,F2,D4,D6,D3,2014-05-06,2014-04-24
46,P2,DPBOM000000820,철의장,F2,D5,D6,D3,2014-03-11,2014-02-02
47,P2,DPBOM000000821,도장,F1,D1,,D1,2014-05-28,2014-03-31
48,P2,DPBOM000000025,가공,F2,D2,D6,D3,2014-04-20,2014-04-13
49,P2,DPBOM000000026,족장,F3,D3,,D4,2014-05-04,2014-03-16
50,P2,DPBOM000000822,재마킹,F4,D6,,D3,2014-05-04,2014-04-14
52,P2,DPBOM000000028,공작,F2,D4,D6,D3,2014-05-04,2014-04-21
53,P2,DPBOM000000029,철의장,F2,D5,D6,D3,2014-03-09,2013-12-16
54,P2,DPBOM000000030,가공,F2,D2,D6,D3,2014-04-06,2014-04-01
55,P2,DPBOM000000032,가공,F4,D7,,D3,2014-04-06,2014-04-02
56,P2,DPBOM000000824,도장,F1,D1,,D1,2014-06-18,2014-03-31
57,P2,DPBOM000000043,가공,F2,D2,D5,D3,2014-04-21,2014-04-13
58,P2,DPBOM000000044,족장,F3,D3,,D4,2014-04-24,2014-02-19
59,P2,DPBOM000000045,재마킹,F4,D6,,D3,2014-04-24,2014-04-09
61,P2,DPBOM000000046,가공,F4,D7,,D3,2014-04-21,2014-04-08
62,P2,DPBOM000000047,의장,F1,D8,,D1,2014-04-15,2014-01-23
63,P2,DPBOM000000048,공작,F2,D4,D5,D3,2014-04-24,2014-04-22
64,P2,DPBOM000000049,철의장,F2,D5,D5,D3,2014-03-30,2013-11-18
65,P2,DPBOM000000050,가공,F2,D2,D5,D3,2014-04-03,2014-03-31
66,P2,DPBOM000000826,도장,F1,D1,,D1,2014-06-22,2014-03-31
67,P2,DPBOM000000054,가공,F2,D2,D5,D3,2014-05-04,2014-04-22
68,P2,DPBOM000000055,족장,F3,D3,,D4,2014-05-06,2014-02-19
69,P2,DPBOM000000056,재마킹,F4,D6,,D3,2014-05-13,2014-04-21
71,P2,DPBOM000000057,가공,F4,D7,,D3,2014-05-04,2014-04-14
72,P2,DPBOM000000058,의장,F1,D8,,D1,2014-04-21,2014-01-23
73,P2,DPBOM000000059,공작,F2,D4,D5,D3,2014-05-13,2014-04-22
74,P2,DPBOM000000060,철의장,F2,D5,D5,D3,2014-04-02,2013-11-18
75,P2,DPBOM000000061,가공,F2,D2,D5,D3,2014-04-14,2014-04-06
76,P2,DPBOM000000828,도장,F1,D1,,D1,2014-06-15,2014-03-31
77,P2,DPBOM000000065,가공,F2,D2,D5,D3,2014-05-06,2014-04-24
78,P2,DPBOM000000066,족장,F3,D3,,D4,2014-05-07,2014-02-19
79,P2,DPBOM000000067,재마킹,F4,D6,,D3,2014-05-18,2014-05-06
81,P2,DPBOM000000068,가공,F4,D7,,D3,2014-05-06,2014-04-21
82,P2,DPBOM000000069,의장,F1,D8,,D1,2014-05-05,2014-01-23
83,P2,DPBOM000000070,공작,F2,D4,D5,D3,2014-05-18,2014-05-15
84,P2,DPBOM000000071,철의장,F2,D5,D5,D3,2014-03-26,2013-12-03
85,P2,DPBOM000000072,가공,F2,D2,D5,D3,2014-04-17,2014-04-13
86,P2,DPBOM000000830,가공,F2,D2,D5,D3,2014-04-20,2014-04-13
87,P2,DPBOM000000831,가공,F4,D7,,D3,2014-04-20,2014-04-07
88,P2,DPBOM000000832,도장,F1,D1,,D1,2014-06-22,2014-03-31
89,P2,DPBOM000000073,가공,F2,D2,D5,D3,2014-05-06,2014-04-24
90,P2,DPBOM000000074,족장,F3,D3,,D4,2014-05-08,2014-02-19
91,P2,DPBOM000000833,재마킹,F4,D6,,D3,2014-05-14,2014-04-21
93,P2,DPBOM000000075,가공,F4,D7,,D3,2014-05-06,2014-04-21
94,P2,DPBOM000000076,의장,F1,D8,,D1,2014-05-04,2014-01-23
95,P2,DPBOM000000077,공작,F2,D4,D5,D3,2014-05-14,2014-04-22
96,P2,DPBOM000000078,철의장,F2,D5,D5,D3,2014-03-20,2013-12-03
97,P2,DPBOM000000079,가공,F2,D2,D5,D3,2014-04-22,2014-04-13
98,P2,DPBOM000000835,가공,F2,D2,D5,D3,2014-04-22,2014-04-13
99,P2,DPBOM000000836,가공,F4,D7,,D3,2014-04-22,2014-04-08
100,P2,DPBOM000000837,가공,F2,D2,D5,D3,2014-04-15,2014-04-13
101,P2,DPBOM000000838,도장,F1,D1,,D1,2014-05-14,2014-04-15
102,P2,DPBOM000000080,가공,F2,D2,D5,D3,2014-03-30,2014-03-23
103,P2,DPBOM000000081,족장,F3,D3,,D4,2014-03-23,2014-02-19
104,P2,DPBOM000000839,재마킹,F4,D6,,D3,2014-03-23,2014-03-10
105,P2,DPBOM000000082,가공,F4,D7,,D3,2014-03-30,2014-03-18
106,P2,DPBOM000000083,의장,F1,D8,,D1,2014-03-17,2014-01-23
107,P2,DPBOM000000084,공작,F2,D4,D5,D3,2014-03-23,2014-03-13
108,P2,DPBOM000000085,철의장,F2,D5,D5,D3,2014-01-08,2013-12-03
109,P2,DPBOM000000086,가공,F2,D2,D5,D3,2014-03-16,2014-03-06
110,P2,DPBOM000000840,가공,F2,D2,D5,D3,2014-03-17,2014-03-06
111,P2,DPBOM000000841,가공,F4,D7,,D3,2014-03-17,2014-03-05
112,P2,DPBOM000000842,가공,F2,D2,D5,D3,2014-02-27,2014-02-20
113,P2,DPBOM000000843,도장,F1,D1,,D1,2014-05-14,2014-04-15
114,P2,DPBOM000000087,가공,F2,D2,D5,D3,2014-05-06,2014-04-16
115,P2,DPBOM000000088,족장,F3,D3,,D4,2014-05-12,2014-02-19
116,P2,DPBOM000000089,가공,F4,D7,,D3,2014-05-06,2014-04-21
117,P2,DPBOM000000090,의장,F1,D8,,D1,2014-05-05,2014-01-23
118,P2,DPBOM000000091,공작,F2,D4,D5,D3,2014-05-18,2014-04-16
119,P2,DPBOM000000092,철의장,F2,D5,D5,D3,2014-03-18,2013-12-03
120,P2,DPBOM000000093,가공,F2,D2,D5,D3,2014-04-22,2014-04-07
121,P2,DPBOM000000844,가공,F2,D2,D5,D3,2014-05-05,2014-04-14
122,P2,DPBOM000000845,가공,F4,D7,,D3,2014-05-05,2014-04-16
123,P2,DPBOM000000846,가공,F2,D2,D5,D3,2014-04-17,2014-04-07
124,P2,DPBOM000000847,도장,F1,D1,,D1,2014-05-14,2014-04-15
125,P2,DPBOM000000094,가공,F2,D2,,D3,2014-03-03,2014-03-03
126,P2,DPBOM000000095,족장,F3,D3,,D4,2014-02-19,2014-02-11
127,P2,DPBOM000000096,가공,F4,D7,,D3,2014-03-03,2014-02-19
128,P2,DPBOM000000097,의장,F1,D8,,D1,2014-02-13,2014-01-23
129,P2,DPBOM000000098,공작,F2,D4,D5,D3,2014-02-19,2014-02-12
130,P2,DPBOM000000099,철의장,F2,D5,D5,D3,2013-12-10,2013-12-03
131,P2,DPBOM000000100,가공,F2,D2,,D3,2014-02-16,2014-02-12
132,P2,DPBOM000000848,가공,F2,D2,,D3,2014-02-13,2014-02-06
133,P2,DPBOM000000849,가공,F4,D7,,D3,2014-02-13,2014-02-05
134,P2,DPBOM000000850,가공,F2,D2,,D3,2014-01-27,2014-01-27
135,P2,DPBOM000000851,도장,F1,D1,,D1,2014-05-14,2014-04-15
136,P2,DPBOM000000101,가공,F2,D2,,D3,2014-03-06,2014-03-04
137,P2,DPBOM000000102,족장,F3,D3,,D4,2014-02-24,2014-02-19
138,P2,DPBOM000000103,가공,F4,D7,,D3,2014-03-06,2014-02-24
139,P2,DPBOM000000104,의장,F1,D8,,D1,2014-02-18,2014-01-23
140,P2,DPBOM000000105,공작,F2,D4,D5,D3,2014-02-24,2014-02-12
141,P2,DPBOM000000106,철의장,F2,D5,D5,D3,2014-01-05,2013-12-03
142,P2,DPBOM000000107,가공,F2,D2,,D3,2014-02-19,2014-02-18
143,P2,DPBOM000000852,가공,F2,D2,,D3,2014-02-18,2014-02-16
144,P2,DPBOM000000853,가공,F4,D7,,D3,2014-02-18,2014-02-13
145,P2,DPBOM000000854,가공,F2,D2,,D3,2014-02-02,2014-02-02
146,P2,DPBOM000000855,도장,F1,D1,,D1,2014-05-14,2014-04-15
147,P2,DPBOM000000108,가공,F2,D2,,D3,2014-02-23,2014-02-06
148,P2,DPBOM000000109,족장,F3,D3,,D4,2014-02-12,2014-02-11
149,P2,DPBOM000000856,재마킹,F4,D6,,D3,2014-02-18,2014-02-13
150,P2,DPBOM000000110,가공,F4,D7,,D3,2014-02-12,2014-02-05
151,P2,DPBOM000000111,의장,F1,D8,,D1,2014-02-06,2014-01-23
152,P2,DPBOM000000112,공작,F2,D4,D5,D3,2014-02-12,2014-02-10
153,P2,DPBOM000000113,철의장,F2,D5,D5,D3,2013-12-15,2013-12-03
154,P2,DPBOM000000114,가공,F2,D2,,D3,2014-01-27,2014-01-27
155,P2,DPBOM000000857,가공,F2,D2,,D3,2014-01-26,2014-01-26
156,P2,DPBOM000000858,가공,F4,D7,,D3,2014-01-26,2014-01-26
157,P2,DPBOM000000859,가공,F2,D2,,D3,2014-01-20,2014-01-19
158,P2,DPBOM000000860,도장,F1,D1,,D1,2014-05-14,2014-04-15
159,P2,DPBOM000000115,가공,F2,D2,,D3,2014-02-17,2014-02-10
160,P2,DPBOM000000116,족장,F3,D3,,D4,2014-02-12,2014-02-11
161,P2,DPBOM000000861,재마킹,F4,D6,,D3,2014-02-23,2014-02-13
163,P2,DPBOM000000117,가공,F4,D7,,D3,2014-02-17,2014-02-13
164,P2,DPBOM000000118,의장,F1,D8,,D1,2014-02-06,2014-01-23
165,P2,DPBOM000000119,공작,F2,D4,D5,D3,2014-02-12,2014-02-10
166,P2,DPBOM000000120,철의장,F2,D5,D5,D3,2013-12-18,2013-12-03
167,P2,DPBOM000000121,가공,F2,D2,,D3,2014-02-02,2014-02-02
168,P2,DPBOM000000863,가공,F2,D2,,D3,2014-01-30,2014-01-30
170,P2,DPBOM000000865,가공,F4,D7,,D3,2014-01-30,2014-01-28
171,P2,DPBOM000000866,가공,F2,D2,,D3,2014-01-20,2014-01-19
172,P2,DPBOM000000867,도장,F1,D1,,D1,2014-06-30,2014-03-31
173,P2,DPBOM000000122,가공,F2,D2,D5,D3,2014-05-06,2014-04-23
174,P2,DPBOM000000123,족장,F3,D3,,D4,2014-05-22,2014-02-19
175,P2,DPBOM000000124,재마킹,F4,D6,,D3,2014-05-26,2014-05-13
177,P2,DPBOM000000125,가공,F4,D7,,D3,2014-05-06,2014-04-21
178,P2,DPBOM000000126,의장,F1,D8,,D1,2014-05-18,2014-01-23
179,P2,DPBOM000000127,공작,F2,D4,D5,D3,2014-05-26,2014-05-22
180,P2,DPBOM000000128,철의장,F2,D5,D5,D3,2014-04-03,2014-02-23
181,P2,DPBOM000000129,가공,F2,D2,D5,D3,2014-05-05,2014-04-23
182,P2,DPBOM000000869,도장,F1,D1,,D1,2014-07-01,2014-03-31
183,P2,DPBOM000000133,가공,F2,D2,D5,D3,2014-05-07,2014-04-23
184,P2,DPBOM000000134,족장,F3,D3,,D4,2014-05-25,2014-02-19
185,P2,DPBOM000000135,재마킹,F4,D6,,D3,2014-05-28,2014-05-13
187,P2,DPBOM000000136,가공,F4,D7,,D3,2014-05-07,2014-04-21
188,P2,DPBOM000000137,의장,F1,D8,,D1,2014-05-19,2014-01-23
189,P2,DPBOM000000138,공작,F2,D4,D5,D3,2014-05-28,2014-05-22
190,P2,DPBOM000000139,철의장,F2,D5,D5,D3,2014-04-06,2014-02-23
191,P2,DPBOM000000140,가공,F2,D2,D5,D3,2014-05-06,2014-04-23
192,P2,DPBOM000000871,도장,F1,D1,,D1,2014-06-22,2014-03-31
193,P2,DPBOM000000152,가공,F2,D2,D5,D3,2014-05-25,2014-05-20
194,P2,DPBOM000000153,족장,F3,D3,,D4,2014-05-27,2014-02-19
195,P2,DPBOM000000154,공작,F2,D4,D5,D3,2014-06-04,2014-05-28
196,P2,DPBOM000000155,철의장,F2,D5,D5,D3,2014-04-09,2013-12-03
197,P2,DPBOM000000156,가공,F2,D2,D5,D3,2014-05-06,2014-04-22
198,P2,DPBOM000000872,가공,F2,D2,D5,D3,2014-05-07,2014-04-22
199,P2,DPBOM000000873,도장,F1,D1,,D1,2014-06-25,2014-03-31
200,P2,DPBOM000000157,가공,F2,D2,D5,D3,2014-05-28,2014-05-25
201,P2,DPBOM000000158,족장,F3,D3,,D4,2014-05-26,2014-02-19
202,P2,DPBOM000000159,공작,F2,D4,D5,D3,2014-06-17,2014-05-28
203,P2,DPBOM000000874,철의장,F2,D5,D5,D3,2014-04-14,2013-12-03
204,P2,DPBOM000000160,가공,F2,D2,D5,D3,2014-05-21,2014-05-18
205,P2,DPBOM000000875,도장,F1,D1,,D1,2014-06-19,2014-03-31
206,P2,DPBOM000000161,가공,F2,D2,,D3,2014-05-12,2014-05-05
207,P2,DPBOM000000162,족장,F3,D3,,D4,2014-05-26,2014-02-19
208,P2,DPBOM000000163,공작,F2,D4,,D3,2014-06-01,2014-05-22
209,P2,DPBOM000000164,철의장,F2,D5,,D3,2014-04-07,2014-02-16
210,P2,DPBOM000000165,가공,F2,D2,,D3,2014-05-06,2014-04-24
211,P2,DPBOM000000166,가공,F2,D2,,D3,2014-05-06,2014-04-24
212,P2,DPBOM000000876,도장,F1,D1,,D1,2014-06-18,2014-03-31
213,P2,DPBOM000000167,가공,F2,D2,,D3,2014-05-12,2014-05-05
214,P2,DPBOM000000168,족장,F3,D3,,D4,2014-05-25,2014-02-19
215,P2,DPBOM000000169,공작,F2,D4,,D3,2014-06-01,2014-05-22
216,P2,DPBOM000000170,철의장,F2,D5,,D3,2014-04-06,2014-02-23
217,P2,DPBOM000000171,가공,F2,D2,,D3,2014-05-06,2014-04-24
218,P2,DPBOM000000877,도장,F1,D1,,D1,2014-05-14,2014-04-15
219,P2,DPBOM000000172,가공,F2,D2,,D3,2014-05-06,2014-05-04
220,P2,DPBOM000000173,족장,F3,D3,,D4,2014-05-08,2014-02-19
221,P2,DPBOM000000174,공작,F2,D4,,D3,2014-05-27,2014-05-18
222,P2,DPBOM000000878,철의장,F2,D5,,D3,2014-03-18,2014-02-04
223,P2,DPBOM000000175,가공,F2,D2,,D3,2014-05-06,2014-05-04
224,P2,DPBOM000000176,가공,F2,D2,,D3,2014-05-06,2014-05-04
225,P2,DPBOM000000879,도장,F1,D1,,D1,2014-05-14,2014-04-15
226,P2,DPBOM000000177,가공,F2,D2,,D3,2014-05-07,2014-05-04
227,P2,DPBOM000000178,족장,F3,D3,,D4,2014-05-14,2014-02-19
228,P2,DPBOM000000179,공작,F2,D4,,D3,2014-06-01,2014-05-18
229,P2,DPBOM000000180,철의장,F2,D5,,D3,2014-03-18,2014-02-04
230,P2,DPBOM000000181,가공,F2,D2,,D3,2014-05-06,2014-05-04
231,P2,DPBOM000000880,도장,F1,D1,,D1,2014-04-13,2014-04-15
232,P2,DPBOM000000182,가공,F2,D2,D5,D3,2014-03-03,2014-02-26
233,P2,DPBOM000000183,족장,F3,D3,,D4,2014-03-10,2014-02-19
234,P2,DPBOM000000184,공작,F2,D4,D5,D3,2014-03-10,2014-03-05
235,P2,DPBOM000000185,철의장,F2,D5,D5,D3,2013-12-26,2013-12-31
236,P2,DPBOM000000186,가공,F2,D2,D5,D3,2014-02-16,2014-02-11
237,P2,DPBOM000000187,가공,F2,D2,D5,D3,2014-02-17,2014-02-11
238,P2,DPBOM000000881,도장,F1,D1,,D1,2014-04-13,2014-04-15
239,P2,DPBOM000000188,가공,F2,D2,D5,D3,2014-03-05,2014-02-26
240,P2,DPBOM000000189,족장,F3,D3,,D4,2014-03-13,2014-02-19
241,P2,DPBOM000000190,공작,F2,D4,D5,D3,2014-03-13,2014-03-05
242,P2,DPBOM000000191,철의장,F2,D5,D5,D3,2013-12-31,2013-12-31
243,P2,DPBOM000000192,가공,F2,D2,D5,D3,2014-02-19,2014-02-16
244,P2,DPBOM000000882,도장,F1,D1,,D1,2014-04-15,2014-04-15
245,P2,DPBOM000000193,가공,F2,D2,D5,D3,2014-02-09,2014-02-05
246,P2,DPBOM000000194,족장,F3,D3,,D4,2014-02-25,2014-02-19
247,P2,DPBOM000000195,공작,F2,D4,D5,D3,2014-02-25,2014-02-20
248,P2,DPBOM000000196,철의장,F2,D5,D5,D3,2013-12-05,2013-12-29
249,P2,DPBOM000000197,가공,F2,D2,D5,D3,2014-02-04,2014-01-30
250,P2,DPBOM000000198,가공,F2,D2,D5,D3,2014-02-04,2014-01-30
251,P2,DPBOM000000883,도장,F1,D1,,D1,2014-04-14,2014-04-15
252,P2,DPBOM000000199,가공,F2,D2,D5,D3,2014-02-12,2014-02-06
253,P2,DPBOM000000200,족장,F3,D3,,D4,2014-02-25,2014-02-19
254,P2,DPBOM000000201,공작,F2,D4,D5,D3,2014-02-25,2014-02-20
255,P2,DPBOM000000202,철의장,F2,D5,D5,D3,2013-12-11,2013-12-29
256,P2,DPBOM000000203,가공,F2,D2,D5,D3,2014-02-04,2014-01-30
257,P2,DPBOM000000884,도장,F1,D1,,D1,2014-06-24,2014-03-31
258,P2,DPBOM000000204,가공,F2,D2,D5,D3,2014-05-26,2014-05-21
259,P2,DPBOM000000205,족장,F3,D3,,D4,2014-06-01,2014-02-19
260,P2,DPBOM000000206,공작,F2,D4,D5,D3,2014-06-04,2014-06-01
261,P2,DPBOM000000207,철의장,F2,D5,D5,D3,2014-04-07,2013-12-03
262,P2,DPBOM000000208,가공,F2,D2,D5,D3,2014-05-12,2014-05-06
263,P2,DPBOM000000209,가공,F2,D2,D5,D3,2014-05-06,2014-04-23
264,P2,DPBOM000000885,도장,F1,D1,,D1,2014-06-26,2014-03-31
265,P2,DPBOM000000210,가공,F2,D2,D5,D3,2014-05-28,2014-05-25
266,P2,DPBOM000000211,족장,F3,D3,,D4,2014-05-22,2014-02-19
267,P2,DPBOM000000212,공작,F2,D4,D5,D3,2014-06-16,2014-06-01
268,P2,DPBOM000000213,철의장,F2,D5,D5,D3,2014-04-07,2013-12-03
269,P2,DPBOM000000214,가공,F2,D2,D5,D3,2014-05-20,2014-05-15
270,P2,DPBOM000000886,도장,F1,D1,,D1,2014-06-19,2014-03-31
271,P2,DPBOM000000215,가공,F2,D2,,D3,2014-04-06,2014-03-27
272,P2,DPBOM000000216,족장,F3,D3,,D4,2014-04-03,2014-02-11
273,P2,DPBOM000000887,재마킹,F4,D6,,D3,2014-04-03,2014-03-18
275,P2,DPBOM000000889,가공,F4,D7,,D3,2014-04-06,2014-03-24
276,P2,DPBOM000000217,의장,F1,D8,,D1,2014-03-30,2014-01-23
277,P2,DPBOM000000218,공작,F2,D4,,D3,2014-04-03,2014-03-30
278,P2,DPBOM000000219,철의장,F5,D5,,D3,2014-01-19,2013-11-13
279,P2,DPBOM000000220,철의장,F2,D5,,D3,2014-02-18,2013-12-16
280,P2,DPBOM000000221,가공,F2,D2,,D3,2014-03-24,2014-03-17
281,P2,DPBOM000000224,가공,F2,D2,,D3,2014-03-24,2014-03-17
282,P2,DPBOM000000226,가공,F4,D7,,D3,2014-03-24,2014-03-12
283,P2,DPBOM000000890,가공,F2,D2,,D3,2014-03-13,2014-03-09
284,P2,DPBOM000000891,가공,F4,D7,,D3,2014-03-13,2014-03-03
285,P2,DPBOM000000892,도장,F1,D1,,D1,2014-03-26,2014-02-26
286,P2,DPBOM000000229,가공,F2,D2,,D3,2014-02-16,2014-02-06
287,P2,DPBOM000000230,족장,F3,D3,,D4,2014-02-12,2014-02-11
288,P2,DPBOM000000231,재마킹,F4,D6,,D3,2014-02-12,2014-02-04
289,P2,DPBOM000000232,가공,F4,D7,,D3,2014-02-16,2014-02-04
290,P2,DPBOM000000233,의장,F1,D8,,D1,2014-02-06,2014-01-26
291,P2,DPBOM000000234,공작,F2,D4,,D3,2014-02-12,2014-02-04
292,P2,DPBOM000000235,철의장,F2,D5,,D3,2013-12-24,2013-11-04
293,P2,DPBOM000000236,가공,F2,D2,,D3,2014-01-20,2014-01-14
294,P2,DPBOM000000238,가공,F4,D7,,D3,2014-01-20,2014-01-13
295,P2,DPBOM000000239,가공,F2,D2,,D3,2014-01-22,2014-01-14
296,P2,DPBOM000000893,가공,F4,D7,,D3,2014-01-22,2014-01-13
297,P2,DPBOM000000894,도장,F1,D1,,D1,2014-04-22,2014-03-31
298,P2,DPBOM000000248,가공,F2,D2,,D3,2014-02-16,2014-02-09
299,P2,DPBOM000000895,족장,F3,D3,,D4,2014-03-10,2014-02-11
300,P2,DPBOM000000896,재마킹,F4,D6,,D3,2014-03-10,2014-03-03
302,P2,DPBOM000000898,가공,F4,D7,,D3,2014-02-16,2014-02-04
303,P2,DPBOM000000249,의장,F1,D8,,D1,2014-03-04,2014-01-23
304,P2,DPBOM000000250,공작,F2,D4,,D3,2014-03-10,2014-03-03
305,P2,DPBOM000000251,철의장,F2,D5,,D3,2014-01-06,2013-12-01
306,P2,DPBOM000000252,가공,F2,D2,,D3,2014-02-16,2014-02-09
307,P2,DPBOM000000255,가공,F2,D2,,D3,2014-02-16,2014-02-09
309,P2,DPBOM000000257,가공,F4,D7,,D3,2014-02-16,2014-02-04
310,P2,DPBOM000000900,가공,F2,D2,,D3,2014-02-16,2014-02-09
311,P2,DPBOM000000901,가공,F4,D7,,D3,2014-02-16,2014-02-04
312,P2,DPBOM000000902,가공,F2,D2,,D3,2014-02-16,2014-02-09
313,P2,DPBOM000000903,도장,F1,D1,,D1,2014-05-27,2014-03-31
314,P2,DPBOM000000904,가공,F2,D2,,D3,2014-03-25,2014-03-18
315,P2,DPBOM000000905,재마킹,F4,D6,,D3,2014-03-11,2014-02-25
317,P2,DPBOM000000907,의장,F1,D8,,D1,2014-03-05,2014-01-23
318,P2,DPBOM000000908,공작,F2,D4,,D3,2014-03-11,2014-03-05
319,P2,DPBOM000000909,철의장,F2,D5,,D3,2014-01-22,2013-12-16
320,P2,DPBOM000000910,가공,F2,D2,,D3,2014-03-10,2014-03-04
321,P2,DPBOM000000911,가공,F4,D7,,D3,2014-03-10,2014-02-24
322,P2,DPBOM000000912,가공,F2,D2,,D3,2014-03-06,2014-03-04
323,P2,DPBOM000000913,가공,F4,D7,,D3,2014-03-06,2014-02-24
324,P2,DPBOM000000914,가공,F4,D7,,D3,2014-02-20,2014-02-11
325,P2,DPBOM000000915,가공,F4,D7,,D3,2014-02-17,2014-02-05
326,P2,DPBOM000000916,도장,F1,D1,,D1,2014-05-04,2014-03-31
327,P2,DPBOM000000260,가공,F2,D2,,D3,2014-03-10,2014-03-04
328,P2,DPBOM000000261,족장,F3,D3,,D4,2014-03-19,2014-02-11
329,P2,DPBOM000000262,재마킹,F4,D6,,D3,2014-03-19,2014-03-04
331,P2,DPBOM000000265,공작,F2,D4,,D3,2014-03-19,2014-03-17
332,P2,DPBOM000000266,철의장,F2,D5,,D3,2014-01-28,2013-12-18
333,P2,DPBOM000000267,가공,F2,D2,,D3,2014-02-25,2014-02-18
334,P2,DPBOM000000918,가공,F4,D7,,D3,2014-02-25,2014-02-12
335,P2,DPBOM000000919,도장,F1,D1,,D1,2014-05-04,2014-03-31
336,P2,DPBOM000000269,가공,F2,D2,,D3,2014-03-16,2014-03-10
337,P2,DPBOM000000920,족장,F3,D3,,D4,2014-03-23,2014-02-11
338,P2,DPBOM000000921,재마킹,F4,D6,,D3,2014-03-23,2014-03-16
340,P2,DPBOM000000923,가공,F4,D7,,D3,2014-03-16,2014-03-05
341,P2,DPBOM000000270,공작,F2,D4,,D3,2014-03-23,2014-03-19
342,P2,DPBOM000000271,철의장,F2,D5,,D3,2014-01-30,2013-12-16
343,P2,DPBOM000000272,가공,F2,D2,,D3,2014-02-27,2014-02-24
344,P2,DPBOM000000274,가공,F4,D7,,D3,2014-02-27,2014-02-16
345,P2,DPBOM000000924,도장,F1,D1,,D1,2014-04-07,2014-02-26
346,P2,DPBOM000000925,가공,F2,D2,,D3,2014-02-19,2014-02-12
347,P2,DPBOM000000926,족장,F3,D3,,D4,2014-03-13,2014-02-11
348,P2,DPBOM000000927,공작,F2,D4,,D3,2014-03-13,2014-03-11
349,P2,DPBOM000000928,철의장,F2,D5,,D3,2014-01-22,2013-12-18
350,P2,DPBOM000000929,가공,F2,D2,,D3,2014-04-09,2014-04-02
351,P2,DPBOM000000930,도장,F1,D1,,D1,2014-04-20,2014-03-31
352,P2,DPBOM000000283,가공,F2,D2,,D3,2014-03-06,2014-02-27
353,P2,DPBOM000000284,족장,F3,D3,,D4,2014-03-16,2014-02-11
354,P2,DPBOM000000931,재마킹,F4,D6,,D3,2014-03-16,2014-03-10
355,P2,DPBOM000000932,의장,F1,D8,,D1,2014-03-10,2014-01-23
356,P2,DPBOM000000285,공작,F2,D4,,D3,2014-03-16,2014-03-16
357,P2,DPBOM000000286,철의장,F2,D5,,D3,2014-01-23,2013-12-16
358,P2,DPBOM000000287,가공,F2,D2,,D3,2014-02-20,2014-02-18
359,P2,DPBOM000000289,가공,F4,D7,,D3,2014-02-20,2014-02-11
360,P2,DPBOM000000290,가공,F2,D2,,D3,2014-02-20,2014-02-18
361,P2,DPBOM000000292,가공,F4,D7,,D3,2014-02-20,2014-02-11
362,P2,DPBOM000000933,도장,F1,D1,,D1,2014-04-24,2014-03-31
363,P2,DPBOM000000294,가공,F2,D2,,D3,2014-03-13,2014-03-10
364,P2,DPBOM000000295,족장,F3,D3,,D4,2014-03-24,2014-02-11
365,P2,DPBOM000000934,재마킹,F4,D6,,D3,2014-03-24,2014-03-16
366,P2,DPBOM000000297,공작,F2,D4,,D3,2014-03-24,2014-03-20
367,P2,DPBOM000000298,철의장,F2,D5,,D3,2014-01-30,2013-12-15
368,P2,DPBOM000000299,가공,F2,D2,,D3,2014-03-03,2014-02-25
369,P2,DPBOM000000301,가공,F4,D7,,D3,2014-03-03,2014-02-19
370,P2,DPBOM000000307,가공,F2,D2,,D3,2014-05-13,2014-04-17
371,P2,DPBOM000000935,도장,F1,D1,,D1,2014-04-20,2014-03-31
372,P2,DPBOM000000936,가공,F2,D2,,D3,2014-03-05,2014-02-24
373,P2,DPBOM000000937,족장,F3,D3,,D4,2014-03-26,2014-02-11
374,P2,DPBOM000000938,공작,F2,D4,,D3,2014-03-26,2014-03-18
375,P2,DPBOM000000939,철의장,F2,D5,,D3,2014-02-06,2013-12-22
376,P2,DPBOM000000940,도장,F1,D1,,D1,2014-06-05,2014-03-31
377,P2,DPBOM000000308,가공,F2,D2,,D3,2014-05-06,2014-04-16
378,P2,DPBOM000000309,족장,F3,D3,,D4,2014-05-06,2014-02-11
379,P2,DPBOM000000310,공작,F2,D4,,D3,2014-05-20,2014-05-12
380,P2,DPBOM000000311,철의장,F2,D5,,D3,2014-03-20,2013-12-16
381,P2,DPBOM000000941,가공,F2,D2,,D3,2014-04-22,2014-04-14
382,P2,DPBOM000000942,도장,F1,D1,,D1,2014-05-06,2014-03-31
383,P2,DPBOM000000312,가공,F2,D2,,D3,2014-03-12,2014-03-04
384,P2,DPBOM000000313,족장,F3,D3,,D4,2014-03-18,2014-02-11
385,P2,DPBOM000000943,재마킹,F4,D6,,D3,2014-03-18,2014-03-04
387,P2,DPBOM000000945,의장,F1,D8,,D1,2014-03-12,2014-01-23
388,P2,DPBOM000000314,공작,F2,D4,,D3,2014-03-18,2014-03-13
389,P2,DPBOM000000315,철의장,F2,D5,,D3,2014-01-23,2013-12-16
390,P2,DPBOM000000316,가공,F2,D2,,D3,2014-02-26,2014-02-18
391,P2,DPBOM000000318,가공,F4,D7,,D3,2014-02-26,2014-02-16
392,P2,DPBOM000000319,가공,F2,D2,,D3,2014-02-26,2014-02-18
393,P2,DPBOM000000946,가공,F4,D7,,D3,2014-02-26,2014-02-16
394,P2,DPBOM000000947,가공,F2,D2,,D3,2014-03-10,2014-02-18
395,P2,DPBOM000000320,가공,F2,D2,,D3,2014-02-24,2014-02-18
396,P2,DPBOM000000321,가공,F2,D2,,D3,2014-02-24,2014-02-18
397,P2,DPBOM000000948,도장,F1,D1,,D1,2014-05-07,2014-03-31
398,P2,DPBOM000000322,가공,F2,D2,,D3,2014-03-13,2014-03-09
399,P2,DPBOM000000323,족장,F3,D3,,D4,2014-03-23,2014-02-11
400,P2,DPBOM000000949,재마킹,F4,D6,,D3,2014-03-23,2014-03-10
402,P2,DPBOM000000324,공작,F2,D4,,D3,2014-03-23,2014-03-17
403,P2,DPBOM000000325,철의장,F2,D5,,D3,2014-02-02,2013-12-16
404,P2,DPBOM000000326,가공,F2,D2,,D3,2014-02-27,2014-02-19
405,P2,DPBOM000000328,가공,F4,D7,,D3,2014-02-27,2014-02-16
406,P2,DPBOM000000951,도장,F1,D1,,D1,2014-06-18,2014-03-31
407,P2,DPBOM000000952,가공,F2,D2,,D3,2014-04-15,2014-04-10
408,P2,DPBOM000000953,족장,F3,D3,,D4,2014-05-05,2014-02-11
409,P2,DPBOM000000954,공작,F2,D4,,D3,2014-05-14,2014-05-04
410,P2,DPBOM000000955,철의장,F2,D5,,D3,2014-03-18,2014-02-09
411,P2,DPBOM000000956,도장,F1,D1,,D1,2014-06-02,2014-03-31
412,P2,DPBOM000000330,가공,F2,D2,,D3,2014-04-01,2014-03-27
413,P2,DPBOM000000331,족장,F3,D3,,D4,2014-03-27,2014-02-11
414,P2,DPBOM000000957,재마킹,F4,D6,,D3,2014-03-27,2014-03-16
415,P2,DPBOM000000958,의장,F1,D8,,D1,2014-03-23,2014-01-23
416,P2,DPBOM000000332,공작,F2,D4,,D3,2014-03-27,2014-03-24
417,P2,DPBOM000000333,철의장,F2,D5,,D3,2014-02-10,2013-12-16
418,P2,DPBOM000000334,가공,F2,D2,,D3,2014-03-19,2014-03-17
419,P2,DPBOM000000335,가공,F2,D2,,D3,2014-03-19,2014-03-17
420,P2,DPBOM000000959,가공,F2,D2,,D3,2014-03-19,2014-03-17
421,P2,DPBOM000000960,가공,F4,D7,,D3,2014-03-19,2014-03-09
422,P2,DPBOM000000961,가공,F2,D2,,D3,2014-03-19,2014-03-17
423,P2,DPBOM000000962,가공,F4,D7,,D3,2014-03-19,2014-03-09
424,P2,DPBOM000000338,가공,F2,D2,,D3,2014-03-06,2014-03-04
425,P2,DPBOM000000339,가공,F2,D2,,D3,2014-03-06,2014-03-04
426,P2,DPBOM000000963,가공,F2,D2,,D3,2014-03-06,2014-03-04
427,P2,DPBOM000000964,도장,F1,D1,,D1,2014-06-02,2014-03-31
428,P2,DPBOM000000340,가공,F2,D2,,D3,2014-04-06,2014-04-01
429,P2,DPBOM000000341,족장,F3,D3,,D4,2014-04-01,2014-02-11
430,P2,DPBOM000000965,재마킹,F4,D6,,D3,2014-04-01,2014-03-19
431,P2,DPBOM000000342,공작,F2,D4,,D3,2014-04-01,2014-03-30
432,P2,DPBOM000000343,철의장,F2,D5,,D3,2014-02-13,2013-12-16
433,P2,DPBOM000000344,가공,F2,D2,,D3,2014-03-24,2014-03-23
434,P2,DPBOM000000345,가공,F2,D2,,D3,2014-03-24,2014-03-23
435,P2,DPBOM000000347,가공,F4,D7,,D3,2014-03-24,2014-03-12
436,P2,DPBOM000000348,가공,F2,D2,,D3,2014-03-11,2014-03-09
437,P2,DPBOM000000966,도장,F1,D1,,D1,2014-06-26,2014-03-31
438,P2,DPBOM000000354,가공,F2,D2,,D3,2014-05-22,2014-05-18
439,P2,DPBOM000000967,족장,F3,D3,,D4,2014-06-05,2014-02-11
440,P2,DPBOM000000355,공작,F2,D4,,D3,2014-06-18,2014-06-15
441,P2,DPBOM000000356,철의장,F2,D5,,D3,2014-04-16,2014-03-12
442,P2,DPBOM000000968,도장,F1,D1,,D1,2014-06-26,2014-03-31
443,P2,DPBOM000000969,가공,F2,D2,,D3,2014-05-15,2014-05-06
444,P2,DPBOM000000970,공작,F2,D4,,D3,2014-06-18,2014-06-15
445,P2,DPBOM000000971,철의장,F2,D5,,D3,2014-04-17,2014-03-12
446,P2,DPBOM000000972,도장,F1,D1,,D1,2014-05-15,2014-03-31
447,P2,DPBOM000000357,가공,F2,D2,,D3,2014-03-04,2014-02-24
448,P2,DPBOM000000359,재마킹,F4,D6,,D3,2014-03-25,2014-02-04
450,P2,DPBOM000000360,가공,F4,D7,,D3,2014-03-04,2014-02-19
451,P2,DPBOM000000361,의장,F1,D8,,D1,2014-02-06,2014-01-23
452,P2,DPBOM000000362,공작,F2,D4,,D3,2014-02-12,2014-02-04
453,P2,DPBOM000000363,철의장,F2,D5,,D3,2013-12-30,2013-11-17
454,P2,DPBOM000000364,가공,F2,D2,,D3,2014-01-20,2014-01-13
455,P2,DPBOM000000974,도장,F1,D1,,D1,2014-04-06,2014-03-31
456,P2,DPBOM000000975,가공,F2,D2,,D3,2014-01-27,2014-01-15
457,P2,DPBOM000000976,재마킹,F4,D6,,D3,2014-02-12,2014-02-05
458,P2,DPBOM000000977,의장,F1,D8,,D1,2014-02-06,2014-01-23
459,P2,DPBOM000000978,공작,F2,D4,,D3,2014-02-12,2014-02-05
460,P2,DPBOM000000979,철의장,F2,D5,,D3,2013-11-24,2013-11-17
461,P2,DPBOM000000980,가공,F2,D2,,D3,2014-01-20,2014-01-15
462,P2,DPBOM000000981,가공,F4,D7,,D3,2014-01-20,2014-01-19
463,P2,DPBOM000000982,도장,F1,D1,,D1,2014-06-19,2014-03-31
464,P2,DPBOM000000983,가공,F2,D2,,D3,2014-05-06,2014-04-15
465,P2,DPBOM000000984,재마킹,F4,D6,,D3,2014-05-04,2014-04-14
467,P2,DPBOM000000986,가공,F4,D7,,D3,2014-05-06,2014-04-23
468,P2,DPBOM000000987,공작,F2,D4,,D3,2014-05-04,2014-04-15
469,P2,DPBOM000000988,철의장,F2,D5,,D3,2014-03-06,2013-11-17
470,P2,DPBOM000000989,가공,F4,D7,,D3,2014-04-07,2014-03-27
471,P2,DPBOM000000990,가공,F4,D7,,D3,2014-04-16,2014-04-06
472,P2,DPBOM000000991,가공,F4,D7,,D3,2014-04-06,2014-03-24
473,P2,DPBOM000000992,도장,F1,D1,,D1,2014-04-08,2014-03-31
474,P2,DPBOM000000370,가공,F2,D2,,D3,2014-02-02,2014-01-28
475,P2,DPBOM000000371,족장,F3,D3,,D4,2014-02-12,2014-02-11
476,P2,DPBOM000000993,재마킹,F4,D6,,D3,2014-02-12,2014-02-04
477,P2,DPBOM000000372,의장,F1,D8,,D1,2014-02-06,2014-01-23
478,P2,DPBOM000000373,공작,F2,D4,,D3,2014-02-12,2014-02-04
479,P2,DPBOM000000374,철의장,F2,D5,,D3,2013-12-02,2013-10-13
480,P2,DPBOM000000375,가공,F2,D2,,D3,2014-01-20,2014-01-19
481,P2,DPBOM000000377,가공,F4,D7,,D3,2014-01-20,2014-01-19
482,P2,DPBOM000000994,가공,F2,D2,,D3,2014-05-14,2014-04-24
483,P2,DPBOM000000995,도장,F1,D1,,D1,2014-05-05,2014-03-31
484,P2,DPBOM000000996,가공,F2,D2,,D3,2014-02-24,2014-02-17
485,P2,DPBOM000000997,재마킹,F4,D6,,D3,2014-02-26,2014-02-11
486,P2,DPBOM000000998,공작,F2,D4,,D3,2014-02-26,2014-02-18
487,P2,DPBOM000000999,철의장,F2,D5,,D3,2013-12-17,2013-11-17
488,P2,DPBOM000001000,가공,F2,D2,,D3,2014-02-05,2014-01-28
489,P2,DPBOM000001001,가공,F4,D7,,D3,2014-02-05,2014-02-04
490,P2,DPBOM000001002,가공,F4,D7,,D3,2014-07-21,2014-07-08
491,P2,DPBOM000001003,철의장,F2,D5,,D3,2014-01-07,2013-11-17
492,P2,DPBOM000001004,도장,F1,D1,,D1,2014-07-20,2014-03-31
493,P2,DPBOM000000378,가공,F2,D2,,D3,2014-06-02,2014-05-13
494,P2,DPBOM000000379,족장,F3,D3,,D4,2014-06-02,2014-02-11
495,P2,DPBOM000001005,재마킹,F4,D6,,D3,2014-06-16,2014-06-02
497,P2,DPBOM000000381,공작,F2,D4,,D3,2014-06-16,2014-06-03
498,P2,DPBOM000000382,철의장,F2,D5,,D3,2014-03-31,2013-11-17
499,P2,DPBOM000000383,가공,F2,D2,,D3,2014-05-15,2014-04-24
500,P2,DPBOM000001007,가공,F4,D7,,D3,2014-05-15,2014-04-24
501,P2,DPBOM000000388,가공,F4,D7,,D3,2014-05-20,2014-05-14
502,P2,DPBOM000001008,도장,F1,D1,,D1,2014-07-14,2014-03-31
503,P2,DPBOM000000391,가공,F2,D2,,D3,2014-05-19,2014-05-04
504,P2,DPBOM000000392,족장,F3,D3,,D4,2014-05-28,2014-02-11
505,P2,DPBOM000001009,재마킹,F4,D6,,D3,2014-06-04,2014-05-29
507,P2,DPBOM000000393,의장,F1,D8,,D1,2014-05-22,2014-01-23
508,P2,DPBOM000000394,공작,F2,D4,,D3,2014-06-04,2014-05-27
509,P2,DPBOM000000395,철의장,F2,D5,,D3,2014-04-10,2013-11-17
510,P2,DPBOM000000396,가공,F2,D2,,D3,2014-05-06,2014-04-15
511,P2,DPBOM000000398,가공,F4,D7,,D3,2014-05-06,2014-04-21
512,P2,DPBOM000001011,도장,F1,D1,,D1,2014-06-02,2014-03-31
513,P2,DPBOM000001012,가공,F2,D2,,D3,2014-03-18,2014-03-11
514,P2,DPBOM000001013,족장,F3,D3,,D4,2014-03-20,2014-02-11
515,P2,DPBOM000001014,재마킹,F4,D6,,D3,2014-03-20,2014-03-04
517,P2,DPBOM000001016,공작,F2,D4,,D3,2014-03-20,2014-03-12
518,P2,DPBOM000001017,철의장,F2,D5,,D3,2014-01-07,2013-11-17
519,P2,DPBOM000001018,가공,F2,D2,,D3,2014-02-26,2014-02-17
520,P2,DPBOM000001019,가공,F4,D7,,D3,2014-02-26,2014-02-16
521,P2,DPBOM000001020,도장,F1,D1,,D1,2014-05-07,2014-03-31
522,P2,DPBOM000000399,가공,F2,D2,,D3,2014-02-27,2014-02-18
523,P2,DPBOM000000400,족장,F3,D3,,D4,2014-03-04,2014-02-11
524,P2,DPBOM000001021,재마킹,F4,D6,,D3,2014-03-04,2014-02-24
525,P2,DPBOM000000401,의장,F1,D8,,D1,2014-02-25,2014-01-23
526,P2,DPBOM000000402,공작,F2,D4,,D3,2014-03-04,2014-02-23
527,P2,DPBOM000000403,철의장,F2,D5,,D3,2013-12-22,2013-11-17
528,P2,DPBOM000000404,가공,F2,D2,,D3,2014-02-10,2014-02-04
529,P2,DPBOM000001022,가공,F4,D7,,D3,2014-02-10,2014-02-04
530,P2,DPBOM000001023,도장,F1,D1,,D1,2014-07-29,2014-04-15
531,P2,DPBOM000001024,가공,F2,D2,,D3,2014-02-05,2014-01-26
532,P2,DPBOM000001025,족장,F3,D3,,D4,2014-02-12,2014-02-11
533,P2,DPBOM000001026,재마킹,F4,D6,,D3,2014-02-12,2014-02-04
534,P2,DPBOM000001027,공작,F2,D4,,D3,2014-02-12,2014-02-04
535,P2,DPBOM000001028,철의장,F2,D5,,D3,2013-11-27,2013-11-17
536,P2,DPBOM000001029,가공,F2,D2,,D3,2014-01-20,2014-01-15
537,P2,DPBOM000001030,가공,F4,D7,,D3,2014-01-20,2014-01-13
538,P2,DPBOM000001031,가공,F2,D2,,D3,2014-01-20,2014-01-15
539,P2,DPBOM000001032,가공,F4,D7,,D3,2014-01-20,2014-01-13
540,P2,DPBOM000001033,가공,F4,D7,,D3,2014-02-05,2014-02-04
541,P2,DPBOM000001034,도장,F1,D1,,D1,2014-05-12,2014-03-31
542,P2,DPBOM000000413,가공,F2,D2,,D3,2014-03-05,2014-02-26
543,P2,DPBOM000000414,족장,F3,D3,,D4,2014-03-09,2014-02-11
544,P2,DPBOM000001035,재마킹,F4,D6,,D3,2014-03-09,2014-02-25
545,P2,DPBOM000000415,의장,F1,D8,,D1,2014-03-03,2014-01-23
546,P2,DPBOM000000416,공작,F2,D4,,D3,2014-03-09,2014-03-04
547,P2,DPBOM000000417,철의장,F2,D5,,D3,2013-12-25,2013-11-17
548,P2,DPBOM000000418,가공,F2,D2,,D3,2014-02-13,2014-02-10
549,P2,DPBOM000001036,가공,F4,D7,,D3,2014-02-13,2014-02-04
550,P2,DPBOM000001037,도장,F1,D1,,D1,2014-06-22,2014-03-31
551,P2,DPBOM000001038,가공,F2,D2,,D3,2014-05-06,2014-04-15
552,P2,DPBOM000001039,족장,F3,D3,,D4,2014-05-04,2014-02-11
553,P2,DPBOM000001040,재마킹,F4,D6,,D3,2014-05-05,2014-04-14
555,P2,DPBOM000001042,공작,F2,D4,,D3,2014-05-05,2014-04-15
556,P2,DPBOM000001043,철의장,F2,D5,,D3,2014-03-24,2013-11-17
557,P2,DPBOM000001044,가공,F2,D2,,D3,2014-04-14,2014-03-25
558,P2,DPBOM000001045,가공,F4,D7,,D3,2014-04-14,2014-04-02
559,P2,DPBOM000001046,가공,F2,D2,,D3,2014-04-21,2014-04-01
560,P2,DPBOM000001047,가공,F4,D7,,D3,2014-04-21,2014-04-08
561,P2,DPBOM000001048,가공,F2,D2,,D3,2014-04-16,2014-03-27
562,P2,DPBOM000001049,가공,F4,D7,,D3,2014-04-07,2014-03-27
563,P2,DPBOM000001050,도장,F1,D1,,D1,2014-06-30,2014-03-31
564,P2,DPBOM000001051,가공,F2,D2,,D3,2014-05-06,2014-04-15
565,P2,DPBOM000001052,족장,F3,D3,,D4,2014-04-17,2014-02-11
566,P2,DPBOM000001053,재마킹,F4,D6,,D3,2014-04-17,2014-04-01
568,P2,DPBOM000001055,공작,F2,D4,,D3,2014-04-17,2014-04-09
569,P2,DPBOM000001056,철의장,F2,D5,,D3,2014-02-27,2013-11-17
570,P2,DPBOM000001057,가공,F2,D2,,D3,2014-04-16,2014-03-27
571,P2,DPBOM000001058,가공,F4,D7,,D3,2014-04-16,2014-04-06
572,P2,DPBOM000001059,가공,F2,D2,,D3,2014-04-16,2014-03-27
573,P2,DPBOM000001060,가공,F4,D7,,D3,2014-04-16,2014-04-06
574,P2,DPBOM000001061,가공,F2,D2,,D3,2014-04-17,2014-03-27
575,P2,DPBOM000001062,가공,F2,D2,,D3,2014-04-20,2014-03-30
576,P2,DPBOM000001063,가공,F4,D7,,D3,2014-04-20,2014-04-07
577,P2,DPBOM000001064,가공,F4,D7,,D3,2014-03-27,2014-03-16
578,P2,DPBOM000001065,도장,F1,D1,,D1,2014-06-30,2014-03-31
579,P2,DPBOM000001066,가공,F2,D2,,D3,2014-05-06,2014-04-15
580,P2,DPBOM000001067,재마킹,F4,D6,,D3,2014-05-05,2014-04-14
582,P2,DPBOM000001069,공작,F2,D4,,D3,2014-05-05,2014-04-15
583,P2,DPBOM000001070,철의장,F2,D5,,D3,2014-03-06,2013-11-17
584,P2,DPBOM000001071,가공,F2,D2,,D3,2014-04-16,2014-03-27
585,P2,DPBOM000001072,가공,F4,D7,,D3,2014-04-16,2014-04-06
586,P2,DPBOM000001073,가공,F4,D7,,D3,2014-04-07,2014-03-27
587,P2,DPBOM000001074,도장,F1,D1,,D1,2014-05-19,2014-03-31
588,P2,DPBOM000001075,가공,F2,D2,,D3,2014-03-11,2014-03-06
589,P2,DPBOM000001076,족장,F3,D3,,D4,2014-04-01,2014-02-11
590,P2,DPBOM000001077,공작,F2,D4,,D3,2014-04-01,2014-03-23
591,P2,DPBOM000001078,철의장,F2,D5,,D3,2014-01-19,2013-11-17
592,P2,DPBOM000001079,도장,F1,D1,,D1,2014-05-13,2014-05-08
593,P2,DPBOM000000431,가공,F2,D2,D5,D3,2014-03-23,2014-03-13
594,P2,DPBOM000000432,공작,F2,D4,D5,D3,2014-04-13,2014-04-03
595,P2,DPBOM000000433,철의장,F2,D5,D5,D3,2014-01-30,2014-01-20
596,P2,DPBOM000001080,가공,F2,D2,,D3,2014-06-05,2014-05-19
597,P2,DPBOM000001081,공작,F2,D4,,D3,2014-07-13,2014-07-06
598,P2,DPBOM000001082,철의장,F2,D5,,D3,2014-05-18,2014-03-27
599,P2,DPBOM000001083,도장,F1,D1,,D1,2014-05-07,2014-04-15
600,P2,DPBOM000000447,가공,F2,D2,D5,D3,2014-02-27,2014-02-18
601,P2,DPBOM000000448,족장,F3,D3,,D4,2014-03-04,2014-02-27
602,P2,DPBOM000000449,재마킹,F4,D6,,D3,2014-03-04,2014-02-19
604,P2,DPBOM000000450,가공,F4,D7,,D3,2014-02-27,2014-02-17
605,P2,DPBOM000000451,의장,F1,D8,,D1,2014-02-25,2014-01-23
606,P2,DPBOM000000452,공작,F2,D4,D5,D3,2014-03-04,2014-02-23
607,P2,DPBOM000000453,철의장,F2,D5,D5,D3,2013-12-22,2013-11-20
608,P2,DPBOM000000454,가공,F2,D2,D5,D3,2014-02-10,2014-01-27
609,P2,DPBOM000001085,가공,F2,D2,D5,D3,2014-02-12,2014-01-27
610,P2,DPBOM000001086,도장,F1,D1,,D1,2014-05-08,2014-04-15
611,P2,DPBOM000000455,가공,F2,D2,D5,D3,2014-03-05,2014-03-04
612,P2,DPBOM000000456,족장,F3,D3,,D4,2014-03-09,2014-02-27
613,P2,DPBOM000000457,재마킹,F4,D6,,D3,2014-03-09,2014-02-25
615,P2,DPBOM000000458,가공,F4,D7,,D3,2014-03-05,2014-02-27
616,P2,DPBOM000000459,의장,F1,D8,,D1,2014-03-03,2014-01-23
617,P2,DPBOM000000460,공작,F2,D4,D5,D3,2014-03-09,2014-03-04
618,P2,DPBOM000000461,철의장,F2,D5,D5,D3,2013-12-25,2013-11-20
619,P2,DPBOM000000462,가공,F2,D2,D5,D3,2014-02-13,2014-02-06
620,P2,DPBOM000001088,도장,F1,D1,,D1,2014-05-06,2014-04-15
621,P2,DPBOM000001089,가공,F2,D2,D5,D3,2014-02-24,2014-02-23
622,P2,DPBOM000001090,족장,F3,D3,,D4,2014-03-03,2014-02-27
623,P2,DPBOM000001091,재마킹,F4,D6,,D3,2014-03-03,2014-02-24
624,P2,DPBOM000001092,가공,F4,D7,,D3,2014-02-24,2014-02-19
625,P2,DPBOM000000463,의장,F1,D8,,D1,2014-02-24,2014-01-23
626,P2,DPBOM000001093,공작,F2,D4,D5,D3,2014-03-03,2014-02-26
627,P2,DPBOM000000464,철의장,F2,D5,D5,D3,2013-12-19,2013-11-28
628,P2,DPBOM000001094,가공,F2,D2,D5,D3,2014-02-09,2014-02-06
629,P2,DPBOM000001095,도장,F1,D1,,D1,2014-05-14,2014-04-15
630,P2,DPBOM000000479,가공,F2,D2,D5,D3,2014-03-11,2014-03-09
631,P2,DPBOM000000480,족장,F3,D3,,D4,2014-03-16,2014-02-27
632,P2,DPBOM000000481,재마킹,F4,D6,,D3,2014-03-16,2014-03-10
634,P2,DPBOM000000483,의장,F1,D8,,D1,2014-03-10,2014-01-23
635,P2,DPBOM000000484,공작,F2,D4,D5,D3,2014-03-16,2014-03-12
636,P2,DPBOM000000485,철의장,F2,D5,D5,D3,2014-01-01,2013-12-03
637,P2,DPBOM000000486,가공,F2,D2,D5,D3,2014-02-20,2014-02-18
638,P2,DPBOM000001097,가공,F4,D7,,D3,2014-02-20,2014-02-11
639,P2,DPBOM000001098,도장,F1,D1,,D1,2014-05-20,2014-04-14
640,P2,DPBOM000000488,가공,F2,D2,D5,D3,2014-03-17,2014-03-09
641,P2,DPBOM000000489,족장,F3,D3,,D4,2014-03-20,2014-02-27
642,P2,DPBOM000000490,재마킹,F4,D6,,D3,2014-03-20,2014-03-04
644,P2,DPBOM000000491,가공,F4,D7,,D3,2014-03-17,2014-03-05
645,P2,DPBOM000000492,의장,F1,D8,,D1,2014-03-16,2014-01-23
646,P2,DPBOM000000493,공작,F2,D4,D5,D3,2014-03-20,2014-03-18
647,P2,DPBOM000000494,철의장,F2,D5,D5,D3,2014-01-07,2013-12-09
648,P2,DPBOM000000495,가공,F2,D2,D5,D3,2014-02-26,2014-02-23
649,P2,DPBOM000001100,도장,F1,D1,,D1,2014-06-12,2014-05-08
650,P2,DPBOM000001101,가공,F2,D2,D5,D3,2014-04-24,2014-04-21
651,P2,DPBOM000001102,가공,F4,D7,,D3,2014-04-24,2014-04-14
652,P2,DPBOM000000498,의장,F1,D8,,D1,2014-05-06,2014-01-23
653,P2,DPBOM000001103,공작,F2,D4,D5,D3,2014-05-13,2014-04-24
654,P2,DPBOM000000499,철의장,F2,D5,D5,D3,2014-03-17,2014-02-06
655,P2,DPBOM000001104,가공,F2,D2,D5,D3,2014-04-14,2014-04-09
656,P2,DPBOM000001105,도장,F1,D1,,D1,2014-06-15,2014-05-08
657,P2,DPBOM000001106,가공,F2,D2,D5,D3,2014-05-06,2014-04-24
658,P2,DPBOM000001107,가공,F4,D7,,D3,2014-05-06,2014-04-21
659,P2,DPBOM000000500,의장,F1,D8,,D1,2014-05-07,2014-01-23
660,P2,DPBOM000001108,공작,F2,D4,D5,D3,2014-05-15,2014-04-24
661,P2,DPBOM000000501,철의장,F2,D5,D5,D3,2014-03-19,2014-02-06
662,P2,DPBOM000001109,가공,F2,D2,D5,D3,2014-04-16,2014-04-09
663,P2,DPBOM000001110,도장,F1,D1,,D1,2014-05-14,2014-04-15
664,P2,DPBOM000001111,가공,F2,D2,D5,D3,2014-05-06,2014-04-24
665,P2,DPBOM000001112,가공,F4,D7,,D3,2014-05-06,2014-04-21
666,P2,DPBOM000000502,의장,F1,D8,,D1,2014-04-21,2014-01-23
667,P2,DPBOM000001113,공작,F2,D4,D5,D3,2014-05-21,2014-05-15
668,P2,DPBOM000000503,철의장,F2,D5,D5,D3,2014-03-17,2014-01-27
669,P2,DPBOM000001114,가공,F2,D2,D5,D3,2014-04-23,2014-04-21
670,P2,DPBOM000001115,도장,F1,D1,,D1,2014-05-14,2014-04-15
671,P2,DPBOM000001116,가공,F2,D2,D5,D3,2014-05-06,2014-04-24
672,P2,DPBOM000001117,가공,F4,D7,,D3,2014-05-06,2014-04-21
673,P2,DPBOM000000504,의장,F1,D8,,D1,2014-04-24,2014-01-23
674,P2,DPBOM000001118,공작,F2,D4,D5,D3,2014-05-25,2014-05-15
675,P2,DPBOM000000505,철의장,F2,D5,D5,D3,2014-03-23,2014-02-05
676,P2,DPBOM000001119,가공,F2,D2,D5,D3,2014-05-04,2014-04-24
677,P2,DPBOM000001120,도장,F1,D1,,D1,2014-05-14,2014-04-15
678,P2,DPBOM000001121,가공,F2,D2,D5,D3,2014-02-26,2014-02-16
679,P2,DPBOM000001122,가공,F4,D7,,D3,2014-02-26,2014-02-19
680,P2,DPBOM000000506,의장,F1,D8,,D1,2014-03-03,2014-01-23
681,P2,DPBOM000001123,공작,F2,D4,D5,D3,2014-03-09,2014-03-03
682,P2,DPBOM000000507,철의장,F2,D5,D5,D3,2014-01-09,2014-01-08
683,P2,DPBOM000001124,가공,F2,D2,D5,D3,2014-02-13,2014-02-06
684,P2,DPBOM000001125,도장,F1,D1,,D1,2014-05-14,2014-04-15
685,P2,DPBOM000001126,가공,F2,D2,D5,D3,2014-02-26,2014-02-16
686,P2,DPBOM000001127,가공,F4,D7,,D3,2014-02-26,2014-02-19
687,P2,DPBOM000000508,의장,F1,D8,,D1,2014-03-03,2014-01-23
688,P2,DPBOM000001128,공작,F2,D4,D5,D3,2014-03-09,2014-03-03
689,P2,DPBOM000000509,철의장,F2,D5,D5,D3,2014-01-09,2014-01-08
690,P2,DPBOM000001129,가공,F2,D2,D5,D3,2014-02-13,2014-02-06
691,P2,DPBOM000001130,도장,F1,D1,,D1,2014-05-14,2014-04-15
692,P2,DPBOM000001131,가공,F2,D2,D5,D3,2014-02-19,2014-02-12
693,P2,DPBOM000001132,가공,F4,D7,,D3,2014-02-19,2014-02-17
694,P2,DPBOM000000510,의장,F1,D8,,D1,2014-02-23,2014-01-23
695,P2,DPBOM000001133,공작,F2,D4,D5,D3,2014-02-27,2014-02-24
696,P2,DPBOM000000511,철의장,F2,D5,D5,D3,2014-01-09,2014-01-08
697,P2,DPBOM000001134,가공,F2,D2,D5,D3,2014-02-06,2014-02-04
698,P2,DPBOM000001135,도장,F1,D1,,D1,2014-05-14,2014-04-15
699,P2,DPBOM000001136,가공,F2,D2,D5,D3,2014-02-19,2014-02-12
700,P2,DPBOM000001137,가공,F4,D7,,D3,2014-02-19,2014-02-17
701,P2,DPBOM000000512,의장,F1,D8,,D1,2014-02-23,2014-01-23
702,P2,DPBOM000001138,공작,F2,D4,D5,D3,2014-02-27,2014-02-24
703,P2,DPBOM000000513,철의장,F2,D5,D5,D3,2014-01-09,2014-01-08
704,P2,DPBOM000001139,가공,F2,D2,D5,D3,2014-02-06,2014-02-04
705,P2,DPBOM000001140,도장,F1,D1,,D1,2014-07-01,2014-05-08
706,P2,DPBOM000000521,가공,F2,D2,D5,D3,2014-06-02,2014-05-26
707,P2,DPBOM000000522,족장,F3,D3,,D4,2014-06-05,2014-03-16
708,P2,DPBOM000000523,공작,F2,D4,D5,D3,2014-06-22,2014-06-16
709,P2,DPBOM000000524,철의장,F2,D5,D5,D3,2014-04-17,2014-03-18
710,P2,DPBOM000001141,가공,F2,D2,D5,D3,2014-05-15,2014-04-23
711,P2,DPBOM000001142,도장,F1,D1,,D1,2014-05-14,2014-04-15
712,P2,DPBOM000000525,가공,F2,D2,D5,D3,2014-06-02,2014-05-26
713,P2,DPBOM000000526,족장,F3,D3,,D4,2014-06-22,2014-03-16
714,P2,DPBOM000000527,공작,F2,D4,D5,D3,2014-06-30,2014-06-25
715,P2,DPBOM000000528,철의장,F2,D5,D5,D3,2014-05-05,2014-03-26
716,P2,DPBOM000001143,도장,F1,D1,,D1,2014-05-14,2014-04-15
717,P2,DPBOM000000529,가공,F2,D2,D5,D3,2014-06-01,2014-05-26
718,P2,DPBOM000000530,족장,F3,D3,,D4,2014-06-04,2014-03-16
719,P2,DPBOM000000531,공작,F2,D4,D5,D3,2014-06-18,2014-06-15
720,P2,DPBOM000000532,철의장,F2,D5,D5,D3,2014-04-20,2014-02-19
721,P2,DPBOM000000533,가공,F2,D2,D5,D3,2014-05-22,2014-05-13
722,P2,DPBOM000001144,도장,F1,D1,,D1,2014-05-14,2014-04-15
723,P2,DPBOM000000534,가공,F2,D2,D5,D3,2014-06-02,2014-05-26
724,P2,DPBOM000000535,족장,F3,D3,,D4,2014-06-22,2014-03-16
725,P2,DPBOM000000536,공작,F2,D4,D5,D3,2014-06-26,2014-06-15
726,P2,DPBOM000000537,철의장,F2,D5,D5,D3,2014-04-23,2014-02-19
727,P2,DPBOM000001145,도장,F1,D1,,D1,2014-05-14,2014-04-15
728,P2,DPBOM000000538,가공,F2,D2,D5,D3,2014-05-26,2014-05-18
729,P2,DPBOM000000539,족장,F3,D3,,D4,2014-05-29,2014-03-16
730,P2,DPBOM000000540,공작,F2,D4,D5,D3,2014-06-05,2014-05-26
731,P2,DPBOM000000541,철의장,F2,D5,D5,D3,2014-04-14,2014-02-19
732,P2,DPBOM000000542,가공,F2,D2,D5,D3,2014-05-07,2014-04-22
733,P2,DPBOM000001146,도장,F1,D1,,D1,2014-05-14,2014-04-15
734,P2,DPBOM000000543,가공,F2,D2,D5,D3,2014-05-26,2014-05-18
735,P2,DPBOM000000544,족장,F3,D3,,D4,2014-06-16,2014-03-16
736,P2,DPBOM000000545,공작,F2,D4,D5,D3,2014-06-22,2014-05-26
737,P2,DPBOM000000546,철의장,F2,D5,D5,D3,2014-04-23,2014-02-19
738,P2,DPBOM000001147,도장,F1,D1,,D1,2014-05-14,2014-04-15
739,P2,DPBOM000000547,가공,F2,D2,D5,D3,2014-03-18,2014-03-16
740,P2,DPBOM000000548,족장,F3,D3,,D4,2014-03-26,2014-03-16
741,P2,DPBOM000000549,공작,F2,D4,D5,D3,2014-03-26,2014-03-19
742,P2,DPBOM000000550,철의장,F2,D5,D5,D3,2014-02-05,2014-02-05
743,P2,DPBOM000000551,가공,F2,D2,D5,D3,2014-03-05,2014-02-25
744,P2,DPBOM000001148,도장,F1,D1,,D1,2014-05-14,2014-04-15
745,P2,DPBOM000000552,가공,F2,D2,D5,D3,2014-03-18,2014-03-16
746,P2,DPBOM000000553,족장,F3,D3,,D4,2014-04-08,2014-03-16
747,P2,DPBOM000000554,공작,F2,D4,D5,D3,2014-04-08,2014-04-06
748,P2,DPBOM000000555,철의장,F2,D5,D5,D3,2014-03-13,2014-03-11
749,P2,DPBOM000001149,도장,F1,D1,,D1,2014-05-14,2014-04-15
750,P2,DPBOM000000556,가공,F2,D2,D5,D3,2014-03-09,2014-03-03
751,P2,DPBOM000000557,족장,F3,D3,,D4,2014-03-17,2014-03-16
752,P2,DPBOM000000558,공작,F2,D4,D5,D3,2014-03-17,2014-03-12
753,P2,DPBOM000000560,가공,F2,D2,D5,D3,2014-02-23,2014-02-16
754,P2,DPBOM000001150,도장,F1,D1,,D1,2014-05-14,2014-04-15
755,P2,DPBOM000000561,가공,F2,D2,D5,D3,2014-03-09,2014-03-03
756,P2,DPBOM000000562,족장,F3,D3,,D4,2014-03-30,2014-03-16
757,P2,DPBOM000000563,공작,F2,D4,D5,D3,2014-03-30,2014-03-26
758,P2,DPBOM000001151,도장,F1,D1,,D1,2014-07-08,2014-05-08
759,P2,DPBOM000000565,가공,F2,D2,D5,D3,2014-06-02,2014-05-28
760,P2,DPBOM000000566,족장,F3,D3,,D4,2014-06-17,2014-03-16
761,P2,DPBOM000000567,공작,F2,D4,D5,D3,2014-06-23,2014-06-18
762,P2,DPBOM000000568,철의장,F2,D5,D5,D3,2014-04-23,2014-03-18
763,P2,DPBOM000000569,가공,F2,D2,D5,D3,2014-05-27,2014-05-23
764,P2,DPBOM000001152,도장,F1,D1,,D1,2014-07-08,2014-05-08
765,P2,DPBOM000000570,가공,F2,D2,D5,D3,2014-06-02,2014-05-29
766,P2,DPBOM000000571,족장,F3,D3,,D4,2014-07-01,2014-03-16
767,P2,DPBOM000000572,공작,F2,D4,D5,D3,2014-07-07,2014-07-03
768,P2,DPBOM000000573,철의장,F2,D5,D5,D3,2014-05-14,2014-03-24
769,P2,DPBOM000001153,도장,F1,D1,,D1,2014-04-21,2014-04-15
770,P2,DPBOM000000575,가공,F6,D2,D5,D3,2014-03-26,2014-03-24
771,P2,DPBOM000000576,공작,F6,D4,D5,D3,2014-04-16,2014-04-06
772,P2,DPBOM000000577,철의장,F7,D5,,D3,2014-02-25,2014-01-13
773,P2,DPBOM000000578,철의장,F6,D5,D5,D3,2014-04-10,2014-03-03
774,P2,DPBOM000001154,가공,F6,D2,D5,D3,2014-05-06,2014-04-24
775,P2,DPBOM000001155,공작,F6,D4,D5,D3,2014-06-02,2014-05-28
776,P2,DPBOM000000579,철의장,F7,D5,,D3,2014-04-06,2014-01-13
777,P2,DPBOM000001156,철의장,F6,D5,D5,D3,2014-05-27,2014-05-25
778,P2,DPBOM000001157,가공,F6,D2,D5,D3,2014-05-07,2014-04-24
779,P2,DPBOM000001158,공작,F6,D4,D5,D3,2014-06-12,2014-06-04
780,P2,DPBOM000000580,철의장,F7,D5,,D3,2014-04-10,2014-01-13
781,P2,DPBOM000001159,철의장,F6,D5,D5,D3,2014-06-02,2014-05-25
782,P2,DPBOM000001160,가공,F6,D2,D5,D3,2014-05-07,2014-04-24
783,P2,DPBOM000001161,공작,F6,D4,D5,D3,2014-06-12,2014-06-04
784,P2,DPBOM000000581,철의장,F7,D5,,D3,2014-04-10,2014-01-13
785,P2,DPBOM000001162,철의장,F6,D5,D5,D3,2014-06-02,2014-05-25
786,P2,DPBOM000001163,도장,F1,D1,,D1,2014-04-24,2014-04-15
787,P2,DPBOM000000582,가공,F6,D2,D5,D3,2014-03-23,2014-03-17
788,P2,DPBOM000000583,공작,F6,D4,D5,D3,2014-04-13,2014-04-08
789,P2,DPBOM000000584,철의장,F7,D5,,D3,2014-02-24,2014-01-13
790,P2,DPBOM000000585,철의장,F6,D5,D5,D3,2014-04-07,2014-03-12
791,P2,DPBOM000000586,철의장,F7,D5,,D3,2014-04-13,2014-01-13
792,P2,DPBOM000001164,가공,F6,D2,D5,D3,2014-05-22,2014-05-19
793,P2,DPBOM000001165,공작,F6,D4,D5,D3,2014-06-18,2014-06-15
794,P2,DPBOM000001166,철의장,F7,D5,,D3,2014-04-16,2014-01-13
795,P2,DPBOM000001167,철의장,F6,D5,D5,D3,2014-05-29,2014-04-15
796,P2,DPBOM000001168,철의장,F7,D5,,D3,2014-04-16,2014-01-13
797,P2,DPBOM000001169,도장,F1,D1,,D1,2014-05-06,2014-04-15
798,P2,DPBOM000000587,가공,F6,D2,D5,D3,2014-03-27,2014-03-26
799,P2,DPBOM000000588,공작,F6,D4,D5,D3,2014-04-17,2014-04-16
800,P2,DPBOM000000589,철의장,F7,D5,,D3,2014-03-03,2014-01-13
801,P2,DPBOM000000590,철의장,F6,D5,D5,D3,2014-04-13,2014-03-16
802,P2,DPBOM000001170,가공,F6,D2,D5,D3,2014-05-27,2014-05-25
803,P2,DPBOM000001171,공작,F6,D4,D5,D3,2014-06-23,2014-06-19
804,P2,DPBOM000001172,철의장,F7,D5,,D3,2014-04-21,2014-01-13
805,P2,DPBOM000001173,철의장,F6,D5,D5,D3,2014-06-03,2014-04-23
806,P2,DPBOM000001174,도장,F1,D1,,D1,2014-05-12,2014-04-15
807,P2,DPBOM000000591,가공,F6,D2,D5,D3,2014-03-31,2014-03-30
808,P2,DPBOM000000592,공작,F6,D4,D5,D3,2014-04-21,2014-04-20
809,P2,DPBOM000000593,철의장,F7,D5,,D3,2014-03-05,2014-01-13
810,P2,DPBOM000000594,철의장,F6,D5,D5,D3,2014-04-15,2014-03-26
811,P2,DPBOM000001175,도장,F1,D1,,D1,2014-05-15,2014-04-15
812,P2,DPBOM000000595,가공,F6,D2,D5,D3,2014-04-03,2014-03-25
813,P2,DPBOM000000596,공작,F6,D4,D5,D3,2014-04-24,2014-04-16
814,P2,DPBOM000000597,철의장,F7,D5,,D3,2014-03-10,2014-01-13
815,P2,DPBOM000000598,철의장,F6,D5,D5,D3,2014-04-20,2014-03-25
816,P2,DPBOM000001176,도장,F1,D1,,D1,2014-05-14,2014-04-15
817,P2,DPBOM000001177,가공,F6,D2,,D3,2014-04-09,2014-04-07
818,P2,DPBOM000001178,공작,F6,D4,,D3,2014-05-07,2014-05-07
819,P2,DPBOM000001179,철의장,F7,D5,,D3,2014-03-16,2014-01-13
820,P2,DPBOM000001180,철의장,F6,D5,,D3,2014-04-24,2014-03-27
821,P2,DPBOM000001181,도장,F1,D1,,D1,2014-05-21,2014-05-08
822,P2,DPBOM000001182,가공,F6,D2,D5,D3,2014-04-16,2014-04-13
823,P2,DPBOM000001183,공작,F6,D4,D5,D3,2014-05-15,2014-04-24
824,P2,DPBOM000001184,철의장,F7,D5,,D3,2014-03-19,2014-01-13
825,P2,DPBOM000001185,철의장,F6,D5,D5,D3,2014-05-08,2014-04-01
826,P2,DPBOM000001186,도장,F1,D1,,D1,2014-05-19,2014-05-08
827,P2,DPBOM000000599,가공,F6,D2,,D3,2014-04-15,2014-04-13
828,P2,DPBOM000001187,족장,F3,D3,,D4,2014-04-22,2014-04-20
829,P2,DPBOM000000600,공작,F6,D4,,D3,2014-04-22,2014-04-15
830,P2,DPBOM000000601,철의장,F7,D5,,D3,2014-03-04,2014-01-13
831,P2,DPBOM000000602,철의장,F6,D5,,D3,2014-04-16,2014-03-24
832,P2,DPBOM000001188,가공,F6,D2,,D3,2014-04-01,2014-04-01
833,P2,DPBOM000001189,도장,F1,D1,,D1,2014-06-17,2014-05-08
834,P2,DPBOM000001190,가공,F6,D2,D5,D3,2014-05-06,2014-04-23
835,P2,DPBOM000001191,공작,F6,D4,D5,D3,2014-06-05,2014-05-27
836,P2,DPBOM000000603,철의장,F7,D5,,D3,2014-04-09,2014-01-13
837,P2,DPBOM000001192,철의장,F6,D5,D5,D3,2014-05-22,2014-04-07
838,P2,DPBOM000001193,도장,F1,D1,,D1,2014-07-03,2014-05-08
839,P2,DPBOM000000613,가공,F2,D2,,D3,2014-05-13,2014-05-04
840,P2,DPBOM000000614,족장,F3,D3,,D4,2014-05-22,2014-02-27
841,P2,DPBOM000000615,재마킹,F4,D6,,D3,2014-06-03,2014-05-20
843,P2,DPBOM000000616,가공,F4,D7,,D3,2014-05-13,2014-04-24
844,P2,DPBOM000000617,의장,F1,D8,,D1,2014-05-19,2014-01-23
845,P2,DPBOM000000618,공작,F2,D4,,D3,2014-06-03,2014-05-25
846,P2,DPBOM000000619,철의장,F2,D5,,D3,2014-04-06,2013-12-03
847,P2,DPBOM000000620,가공,F2,D2,,D3,2014-05-06,2014-04-15
848,P2,DPBOM000001195,가공,F2,D2,,D3,2014-05-06,2014-04-15
849,P2,DPBOM000001196,가공,F2,D2,,D3,2014-05-06,2014-04-15
850,P2,DPBOM000001197,가공,F2,D2,,D3,2014-05-06,2014-04-15
851,P2,DPBOM000001198,가공,F2,D2,D5,D3,2014-05-06,2014-04-15
852,P2,DPBOM000001199,도장,F1,D1,,D1,2014-07-06,2014-05-08
853,P2,DPBOM000000621,가공,F2,D2,,D3,2014-05-25,2014-05-18
854,P2,DPBOM000000622,족장,F3,D3,,D4,2014-05-25,2014-02-27
855,P2,DPBOM000000624,가공,F4,D7,,D3,2014-05-15,2014-04-24
856,P2,DPBOM000000625,의장,F1,D8,,D1,2014-05-19,2014-01-23
857,P2,DPBOM000000626,공작,F2,D4,,D3,2014-06-01,2014-05-25
858,P2,DPBOM000000627,철의장,F2,D5,,D3,2014-04-06,2014-02-27
859,P2,DPBOM000000628,가공,F2,D2,,D3,2014-05-06,2014-04-15
860,P2,DPBOM000001200,가공,F2,D2,,D3,2014-05-06,2014-04-15
861,P2,DPBOM000001201,도장,F1,D1,,D1,2014-07-03,2014-05-08
862,P2,DPBOM000000629,가공,F2,D2,D5,D3,2014-05-22,2014-05-15
863,P2,DPBOM000000630,족장,F3,D3,,D4,2014-05-26,2014-02-27
864,P2,DPBOM000000631,가공,F4,D7,,D3,2014-05-14,2014-04-24
865,P2,DPBOM000000632,의장,F1,D8,,D1,2014-05-25,2014-01-23
866,P2,DPBOM000000633,공작,F2,D4,D5,D3,2014-05-29,2014-05-21
867,P2,DPBOM000000634,철의장,F2,D5,D5,D3,2014-04-10,2013-12-03
868,P2,DPBOM000000635,가공,F2,D2,D5,D3,2014-05-06,2014-04-24
869,P2,DPBOM000000636,가공,F2,D2,D5,D3,2014-05-06,2014-04-24
870,P2,DPBOM000000638,가공,F2,D2,D5,D3,2014-05-06,2014-04-24
871,P2,DPBOM000001202,도장,F1,D1,,D1,2014-07-03,2014-05-08
872,P2,DPBOM000000640,가공,F2,D2,D5,D3,2014-05-27,2014-05-21
873,P2,DPBOM000000641,족장,F3,D3,,D4,2014-06-15,2014-02-27
874,P2,DPBOM000000642,가공,F4,D7,,D3,2014-05-27,2014-05-12
875,P2,DPBOM000000643,의장,F1,D8,,D1,2014-06-01,2014-01-23
876,P2,DPBOM000000644,공작,F2,D4,D5,D3,2014-06-04,2014-05-27
877,P2,DPBOM000000645,철의장,F2,D5,D5,D3,2014-04-21,2013-12-03
878,P2,DPBOM000000646,가공,F2,D2,D5,D3,2014-05-06,2014-04-24
879,P2,DPBOM000000647,가공,F2,D2,D5,D3,2014-05-06,2014-04-24
880,P2,DPBOM000001203,도장,F1,D1,,D1,2014-05-14,2014-04-15
881,P2,DPBOM000000650,가공,F2,D2,,D3,2014-05-06,2014-05-04
882,P2,DPBOM000000651,족장,F3,D3,,D4,2014-05-29,2014-02-27
883,P2,DPBOM000000652,가공,F4,D7,,D3,2014-05-06,2014-04-21
884,P2,DPBOM000000653,의장,F1,D8,,D1,2014-05-22,2014-01-23
885,P2,DPBOM000000654,공작,F2,D4,,D3,2014-05-28,2014-05-18
886,P2,DPBOM000000655,철의장,F2,D5,,D3,2014-03-31,2013-12-03
887,P2,DPBOM000000656,가공,F2,D2,,D3,2014-05-06,2014-05-04
888,P2,DPBOM000000657,가공,F2,D2,,D3,2014-05-06,2014-05-04
889,P2,DPBOM000001204,도장,F1,D1,,D1,2014-05-14,2014-04-15
890,P2,DPBOM000000663,가공,F2,D2,,D3,2014-05-07,2014-05-05
891,P2,DPBOM000000664,족장,F3,D3,,D4,2014-06-01,2014-02-27
892,P2,DPBOM000000665,가공,F4,D7,,D3,2014-05-07,2014-04-21
893,P2,DPBOM000000666,의장,F1,D8,,D1,2014-05-26,2014-01-23
894,P2,DPBOM000000667,공작,F2,D4,,D3,2014-05-27,2014-05-18
895,P2,DPBOM000000668,철의장,F2,D5,,D3,2014-03-31,2013-12-03
896,P2,DPBOM000000669,가공,F2,D2,,D3,2014-05-06,2014-05-05
897,P2,DPBOM000001205,도장,F1,D1,,D1,2014-05-14,2014-04-15
898,P2,DPBOM000000675,가공,F2,D2,D5,D3,2014-03-11,2014-03-06
899,P2,DPBOM000000676,족장,F3,D3,,D4,2014-03-17,2014-02-27
900,P2,DPBOM000000677,가공,F4,D7,,D3,2014-03-11,2014-03-06
901,P2,DPBOM000000678,의장,F1,D8,,D1,2014-03-11,2014-01-23
902,P2,DPBOM000000679,공작,F2,D4,D5,D3,2014-03-17,2014-03-13
903,P2,DPBOM000000680,철의장,F2,D5,D5,D3,2014-01-02,2013-12-03
904,P2,DPBOM000000681,가공,F2,D2,D5,D3,2014-02-23,2014-02-18
905,P2,DPBOM000000682,가공,F2,D2,D5,D3,2014-02-24,2014-02-18
906,P2,DPBOM000000684,가공,F2,D2,D5,D3,2014-02-25,2014-02-20
907,P2,DPBOM000001206,도장,F1,D1,,D1,2014-05-14,2014-04-15
908,P2,DPBOM000000688,가공,F2,D2,D5,D3,2014-03-16,2014-03-11
909,P2,DPBOM000000689,족장,F3,D3,,D4,2014-03-23,2014-02-27
910,P2,DPBOM000000690,가공,F4,D7,,D3,2014-03-16,2014-03-06
911,P2,DPBOM000000691,의장,F1,D8,,D1,2014-03-17,2014-01-23
912,P2,DPBOM000000692,공작,F2,D4,D5,D3,2014-03-23,2014-03-13
913,P2,DPBOM000000693,철의장,F2,D5,D5,D3,2014-01-08,2013-12-03
914,P2,DPBOM000000694,가공,F2,D2,D5,D3,2014-02-27,2014-02-24
915,P2,DPBOM000000695,가공,F2,D2,D5,D3,2014-03-03,2014-02-24
916,P2,DPBOM000001207,도장,F1,D1,,D1,2014-06-02,2014-05-22
917,P2,DPBOM000000700,가공,F2,D2,D5,D3,2014-02-27,2014-02-24
918,P2,DPBOM000000701,족장,F3,D3,,D4,2014-03-06,2014-02-27
919,P2,DPBOM000000702,가공,F4,D7,,D3,2014-02-27,2014-02-26
920,P2,DPBOM000000703,의장,F1,D8,,D1,2014-02-27,2014-01-23
921,P2,DPBOM000000704,공작,F2,D4,D5,D3,2014-03-06,2014-03-03
922,P2,DPBOM000000705,철의장,F2,D5,D5,D3,2013-12-24,2013-12-03
923,P2,DPBOM000000706,가공,F2,D2,D5,D3,2014-02-12,2014-02-10
924,P2,DPBOM000000707,가공,F2,D2,D5,D3,2014-02-13,2014-02-11
925,P2,DPBOM000000709,가공,F2,D2,D5,D3,2014-02-16,2014-02-12
926,P2,DPBOM000001208,도장,F1,D1,,D1,2014-05-14,2014-04-15
927,P2,DPBOM000000713,가공,F2,D2,D5,D3,2014-03-05,2014-02-27
928,P2,DPBOM000000714,족장,F3,D3,,D4,2014-03-12,2014-02-27
929,P2,DPBOM000000715,재마킹,F4,D6,,D3,2014-03-12,2014-03-05
930,P2,DPBOM000000716,가공,F4,D7,,D3,2014-03-05,2014-03-04
931,P2,DPBOM000000717,의장,F1,D8,,D1,2014-03-06,2014-01-23
932,P2,DPBOM000000718,공작,F2,D4,D5,D3,2014-03-12,2014-03-03
933,P2,DPBOM000000719,철의장,F2,D5,D5,D3,2013-12-30,2013-12-03
934,P2,DPBOM000000720,가공,F2,D2,D5,D3,2014-02-18,2014-02-16
935,P2,DPBOM000000721,가공,F2,D2,D5,D3,2014-02-19,2014-02-16
936,P2,DPBOM000001209,도장,F1,D1,,D1,2014-07-10,2014-05-08
937,P2,DPBOM000000724,가공,F2,D2,D5,D3,2014-05-29,2014-05-26
938,P2,DPBOM000000725,족장,F3,D3,,D4,2014-06-01,2014-02-27
939,P2,DPBOM000000726,재마킹,F4,D6,,D3,2014-06-12,2014-05-28
940,P2,DPBOM000000727,가공,F4,D7,,D3,2014-05-13,2014-04-24
941,P2,DPBOM000000728,의장,F1,D8,,D1,2014-05-28,2014-01-23
942,P2,DPBOM000000729,공작,F2,D4,D5,D3,2014-06-12,2014-06-03
943,P2,DPBOM000000730,철의장,F2,D5,D5,D3,2014-04-16,2013-12-03
944,P2,DPBOM000000731,가공,F2,D2,D5,D3,2014-05-06,2014-04-24
945,P2,DPBOM000000732,가공,F2,D2,D5,D3,2014-05-06,2014-04-24
946,P2,DPBOM000001210,가공,F2,D2,D5,D3,2014-05-06,2014-04-24
947,P2,DPBOM000001211,도장,F1,D1,,D1,2014-07-13,2014-05-08
948,P2,DPBOM000000733,가공,F2,D2,D5,D3,2014-05-29,2014-05-20
949,P2,DPBOM000000734,족장,F3,D3,,D4,2014-06-04,2014-02-27
950,P2,DPBOM000000735,재마킹,F4,D6,,D3,2014-06-15,2014-06-02
952,P2,DPBOM000000736,가공,F4,D7,,D3,2014-05-29,2014-05-19
953,P2,DPBOM000000737,의장,F1,D8,,D1,2014-06-02,2014-01-23
954,P2,DPBOM000000738,공작,F2,D4,D5,D3,2014-06-15,2014-06-02
955,P2,DPBOM000000739,철의장,F2,D5,D5,D3,2014-04-16,2014-03-03
956,P2,DPBOM000000740,가공,F2,D2,D5,D3,2014-05-15,2014-05-05
957,P2,DPBOM000001213,도장,F1,D1,,D1,2014-06-30,2014-05-08
958,P2,DPBOM000000743,가공,F2,D2,D5,D3,2014-06-01,2014-05-25
959,P2,DPBOM000000744,족장,F3,D3,,D4,2014-06-22,2014-04-14
960,P2,DPBOM000000745,공작,F2,D4,D5,D3,2014-06-26,2014-06-18
961,P2,DPBOM000000746,철의장,F2,D5,D5,D3,2014-05-05,2014-03-16
962,P2,DPBOM000001214,도장,F1,D1,,D1,2014-05-14,2014-04-15
963,P2,DPBOM000000747,가공,F2,D2,D5,D3,2014-06-01,2014-05-26
964,P2,DPBOM000000748,족장,F3,D3,,D4,2014-06-19,2014-04-14
965,P2,DPBOM000000749,공작,F2,D4,D5,D3,2014-06-24,2014-06-18
966,P2,DPBOM000000750,철의장,F2,D5,D5,D3,2014-05-04,2014-03-16
967,P2,DPBOM000001215,도장,F1,D1,,D1,2014-07-09,2014-05-08
968,P2,DPBOM000000751,가공,F2,D2,D5,D3,2014-06-02,2014-05-28
969,P2,DPBOM000000752,족장,F3,D3,,D4,2014-07-01,2014-04-14
970,P2,DPBOM000000753,공작,F2,D4,D5,D3,2014-07-06,2014-06-26
971,P2,DPBOM000000754,철의장,F2,D5,D5,D3,2014-05-14,2014-03-16
972,P2,DPBOM000001216,도장,F1,D1,,D1,2014-05-28,2014-05-08
973,P2,DPBOM000000755,가공,F2,D2,,D3,2014-04-03,2014-03-17
974,P2,DPBOM000000756,족장,F3,D3,,D4,2014-04-24,2014-04-14
975,P2,DPBOM000000757,공작,F2,D4,,D3,2014-04-24,2014-04-08
976,P2,DPBOM000000758,철의장,F2,D5,,D3,2014-02-13,2014-01-26
977,P2,DPBOM000001217,도장,F1,D1,,D1,2014-06-01,2014-05-08
978,P2,DPBOM000000759,가공,F2,D2,,D3,2014-03-25,2014-03-17
979,P2,DPBOM000000760,족장,F3,D3,,D4,2014-04-15,2014-04-14
980,P2,DPBOM000000761,공작,F2,D4,,D3,2014-04-15,2014-04-08
981,P2,DPBOM000000762,철의장,F2,D5,,D3,2014-02-04,2014-01-26
982,P2,DPBOM000001218,도장,F1,D1,,D1,2014-07-10,2014-05-08
983,P2,DPBOM000000763,가공,F2,D2,D5,D3,2014-06-02,2014-05-27
984,P2,DPBOM000000764,족장,F3,D3,,D4,2014-07-02,2014-04-14
985,P2,DPBOM000000765,공작,F2,D4,D5,D3,2014-07-01,2014-06-23
986,P2,DPBOM000000766,철의장,F2,D5,D5,D3,2014-05-15,2014-03-23
987,P2,DPBOM000001219,가공,F2,D2,,D3,2014-07-14,2014-06-18
988,P2,DPBOM000001220,재마킹,F4,D6,,D3,2014-08-05,2014-07-08
990,P2,DPBOM000001222,가공,F4,D7,,D3,2014-07-14,2014-07-02
991,P2,DPBOM000001223,공작,F2,D4,,D3,2014-08-05,2014-07-27
992,P2,DPBOM000001224,철의장,F2,D5,,D3,2014-06-15,2014-03-27
993,P2,DPBOM000000774,가공,F2,D2,,D3,2014-06-05,2014-05-19
994,P2,DPBOM000000775,재마킹,F4,D6,,D3,2014-07-13,2014-06-17
996,P2,DPBOM000000776,가공,F4,D7,,D3,2014-06-05,2014-05-26
997,P2,DPBOM000000777,공작,F2,D4,,D3,2014-07-13,2014-07-06
998,P2,DPBOM000000778,철의장,F2,D5,,D3,2014-05-18,2014-03-27
999,P2,DPBOM000000779,가공,F2,D2,,D3,2014-06-05,2014-05-19
1000,P2,DPBOM000000780,재마킹,F4,D6,,D3,2014-07-13,2014-06-17
1002,P2,DPBOM000000781,가공,F4,D7,,D3,2014-06-05,2014-05-26
1003,P2,DPBOM000000782,공작,F2,D4,,D3,2014-07-13,2014-07-06
1004,P2,DPBOM000000783,철의장,F2,D5,,D3,2014-05-18,2014-03-27
1005,P2,DPBOM000000784,가공,F2,D2,,D3,2014-06-05,2014-05-19
1006,P2,DPBOM000000785,재마킹,F4,D6,,D3,2014-07-13,2014-06-17
1008,P2,DPBOM000000786,가공,F4,D7,,D3,2014-06-05,2014-05-26
1009,P2,DPBOM000000787,공작,F2,D4,,D3,2014-07-13,2014-07-06
1010,P2,DPBOM000000788,철의장,F2,D5,,D3,2014-05-18,2014-03-27
1011,P2,DPBOM000001228,가공,F2,D2,,D3,2014-06-05,2014-05-19
1012,P2,DPBOM000001229,가공,F4,D7,,D3,2014-06-05,2014-05-26
1013,P2,DPBOM000001230,공작,F2,D4,,D3,2014-07-13,2014-07-06
1014,P2,DPBOM000001231,철의장,F2,D5,,D3,2014-05-18,2014-03-27
1015,P2,DPBOM000001232,도장,F1,D1,,D1,2014-02-27,2014-02-26
